{
  "custom": {},
  "params": {},
  "props": {},
  "root": {
    "children": [
      {
        "meta": {
          "name": "Gauge"
        },
        "position": {
          "height": 175,
          "width": 300,
          "x": 455,
          "y": 16
        },
        "propConfig": {
          "props.value": {
            "binding": {
              "config": {
                "fallbackDelay": 2.5,
                "mode": "direct",
                "tagPath": "[default]TankLevel"
              },
              "type": "tag"
            }
          }
        },
        "props": {
          "backgroundColor": "",
          "innerAxis": {
            "data": "secondaryValue",
            "maxValue": 80,
            "percentRadius": 85,
            "show": false,
            "width": 1
          },
          "outerAxis": {
            "data": "value",
            "maxValue": 120,
            "percentRadius": 100,
            "ranges": [
              {
                "color": "#77B6D8",
                "end": 80,
                "start": 0,
                "width": 8
              },
              {
                "color": "#6E94D7",
                "end": 105,
                "start": 80,
                "width": 12
              },
              {
                "color": "#7A6BD5",
                "end": 120,
                "start": 105,
                "width": 16
              }
            ],
            "show": true,
            "width": 1
          }
        },
        "type": "ia.chart.gauge"
      },
      {
        "meta": {
          "name": "TimeSeriesChart"
        },
        "position": {
          "height": 400,
          "width": 400,
          "x": 8,
          "y": -9
        },
        "propConfig": {
          "props.series[0].data": {
            "binding": {
              "config": {
                "aggregate": "MinMax",
                "avoidScanClassValidation": true,
                "dateRange": {
                  "mostRecent": "1",
                  "mostRecentUnits": "SEC"
                },
                "enableValueCache": true,
                "ignoreBadQuality": false,
                "polling": {
                  "enabled": false,
                  "rate": "30"
                },
                "preventInterpolation": false,
                "returnFormat": "Wide",
                "returnSize": {
                  "numRows": "100",
                  "type": "FIXED"
                },
                "tags": [
                  {
                    "aggregate": "Average",
                    "path": "[default]TankLevel"
                  }
                ],
                "valueFormat": "DATASET"
              },
              "type": "tag-history"
            }
          }
        },
        "props": {
          "enablePanZoom": false,
          "series": [
            {
              "name": "TankLevel"
            }
          ],
          "timeAxis": {
            "height": 100
          },
          "timeRange": {
            "end": "now",
            "start": "now-5m"
          }
        },
        "type": "ia.chart.timeseries"
      },
      {
        "meta": {
          "name": "AlarmStatusTable"
        },
        "position": {
          "height": 400,
          "width": 749,
          "x": 17,
          "y": 395
        },
        "type": "ia.display.alarmstatustable"
      },
      {
        "meta": {
          "name": "ToggleSwitch"
        },
        "position": {
          "height": 36,
          "width": 96,
          "x": 619,
          "y": 253
        },
        "propConfig": {
          "props.selected": {
            "binding": {
              "config": {
                "bidirectional": true,
                "fallbackDelay": 2.5,
                "mode": "direct",
                "tagPath": "[default]PumpStatus"
              },
              "type": "tag"
            }
          }
        },
        "type": "ia.input.toggle-switch"
      }
    ],
    "meta": {
      "name": "root"
    },
    "type": "ia.container.coord"
  }
}